dateutc;tempinf;humidityin;baromrelin;baromabsin;tempf;humidity;winddir;windspeedmph;windgustmph;maxdailygust;solarradiation;uv;rainratein;eventrainin;hourlyrainin;dailyrainin;weeklyrainin;monthlyrainin;yearlyrainin;totalrainin;temp1f;humidity1;pm25_ch1;pm25_avg_24h_ch1;wh65batt;batt1;pm25batt1;freq=868M;model
2020-02-13+13:45:41;68.7;52;29.704;29.704;42.3;64;206;2.68;4.47;22.82;75.48;0;0.000;1.252;0.000;0.039;1.252;1.551;1.551;1.551;40.64;77;8.0;8.0;0;0;5;868M;GW1000_Pro
2020-02-13+13:59:58;68.9;52;29.701;29.701;41.0;67;127;4.70;10.29;22.82;59.33;0;0.000;1.252;0.000;0.039;1.252;1.551;1.551;1.551;40.64;75;9.0;8.0;0;0;5;868M;GW1000_Pro
2020-02-13+14:15:13;68.7;49;29.704;29.704;41.2;69;153;1.57;3.36;22.82;49.42;0;0.000;1.252;0.000;0.039;1.252;1.551;1.551;1.551;40.28;76;11.0;8.2;0;0;5;868M;GW1000_Pro
2020-02-13+14:30:28;68.5;50;29.707;29.707;40.8;69;193;4.92;8.05;22.82;46.73;0;0.000;1.252;0.000;0.039;1.252;1.551;1.551;1.551;40.10;76;11.0;8.3;0;0;5;868M;GW1000_Pro
2020-02-13+14:45:43;68.5;51;29.704;29.704;39.9;71;184;4.47;8.05;22.82;30.34;0;0.000;1.252;0.000;0.039;1.252;1.551;1.551;1.551;39.74;76;9.0;8.5;0;0;5;868M;GW1000_Pro
2020-02-13+14:59:57;68.5;50;29.701;29.701;39.4;73;158;1.57;4.47;22.82;19.94;0;0.000;1.252;0.000;0.039;1.252;1.551;1.551;1.551;39.56;77;12.0;8.6;0;0;5;868M;GW1000_Pro
2020-02-13+15:15:12;68.5;50;29.704;29.704;39.0;73;118;0.00;3.36;22.82;13.82;0;0.000;1.252;0.000;0.039;1.252;1.551;1.551;1.551;38.84;78;12.0;8.8;0;0;5;868M;GW1000_Pro
2020-02-13+15:30:30;68.4;50;29.698;29.698;38.5;75;115;0.00;1.12;22.82;8.19;0;0.000;1.252;0.000;0.039;1.252;1.551;1.551;1.551;38.48;79;14.0;9.0;0;0;5;868M;GW1000_Pro
2020-02-13+15:45:45;68.4;50;29.704;29.704;36.7;80;115;0.22;1.12;22.82;1.71;0;0.000;1.252;0.000;0.039;1.252;1.551;1.551;1.551;37.58;80;13.0;9.2;0;0;5;868M;GW1000_Pro
2020-02-13+15:59:59;68.4;50;29.704;29.704;35.2;85;115;0.00;0.00;22.82;0.00;0;0.000;1.252;0.000;0.039;1.252;1.551;1.551;1.551;36.86;81;14.0;9.3;0;0;5;868M;GW1000_Pro
2020-02-13+16:15:14;68.4;50;29.704;29.704;34.3;86;115;0.89;1.12;22.82;0.00;0;0.000;1.252;0.000;0.039;1.252;1.551;1.551;1.551;35.96;82;14.0;9.6;0;0;5;868M;GW1000_Pro
2020-02-13+16:30:29;68.4;50;29.704;29.704;34.0;86;116;2.01;2.24;22.82;0.00;0;0.000;1.252;0.000;0.039;1.252;1.551;1.551;1.551;35.06;83;13.0;9.8;0;0;5;868M;GW1000_Pro
2020-02-13+16:45:44;68.4;50;29.704;29.704;33.8;87;116;0.89;1.12;22.82;0.00;0;0.000;1.252;0.000;0.039;1.252;1.551;1.551;1.551;34.34;83;15.0;10.0;0;0;5;868M;GW1000_Pro
2020-02-13+16:59:58;68.4;50;29.701;29.701;33.6;86;116;0.22;1.12;22.82;0.00;0;0.000;1.252;0.000;0.039;1.252;1.551;1.551;1.551;33.62;84;12.0;10.2;0;0;5;868M;GW1000_Pro
2020-02-13+17:15:13;68.4;50;29.707;29.707;32.7;89;116;1.12;1.12;22.82;0.00;0;0.000;1.252;0.000;0.039;1.252;1.551;1.551;1.551;33.08;84;10.0;10.3;0;0;5;868M;GW1000_Pro
2020-02-13+17:30:28;68.0;49;29.701;29.701;32.9;88;116;0.89;1.12;22.82;0.00;0;0.000;1.252;0.000;0.039;1.252;1.551;1.551;1.551;32.54;85;11.0;10.4;0;0;5;868M;GW1000_Pro
2020-02-13+17:45:44;68.0;49;29.698;29.698;32.5;88;136;0.89;1.12;22.82;0.00;0;0.000;1.252;0.000;0.039;1.252;1.551;1.551;1.551;32.18;86;11.0;10.6;0;0;5;868M;GW1000_Pro
2020-02-13+17:59:58;67.8;50;29.701;29.701;33.1;87;136;1.12;1.12;22.82;0.00;0;0.000;1.252;0.000;0.039;1.252;1.551;1.551;1.551;31.82;87;17.0;10.8;0;0;5;868M;GW1000_Pro
2020-02-13+18:15:13;67.8;50;29.701;29.701;32.4;89;136;1.12;1.12;22.82;0.00;0;0.000;1.252;0.000;0.039;1.252;1.551;1.551;1.551;31.64;87;18.0;11.1;0;0;5;868M;GW1000_Pro
2020-02-13+18:30:28;67.8;50;29.704;29.704;32.0;89;136;1.12;2.24;22.82;0.00;0;0.000;1.252;0.000;0.039;1.252;1.551;1.551;1.551;31.28;88;14.0;11.3;0;0;5;868M;GW1000_Pro
2020-02-13+18:45:43;67.8;49;29.701;29.701;31.8;89;137;2.01;2.24;22.82;0.00;0;0.000;1.252;0.000;0.039;1.252;1.551;1.551;1.551;31.10;88;14.0;11.6;0;0;5;868M;GW1000_Pro
2020-02-13+18:59:57;67.6;49;29.704;29.704;32.0;89;136;0.22;2.24;22.82;0.00;0;0.000;1.252;0.000;0.039;1.252;1.551;1.551;1.551;30.92;88;12.0;11.7;0;0;5;868M;GW1000_Pro
2020-02-13+19:15:12;67.6;49;29.704;29.704;31.6;90;136;0.89;1.12;22.82;0.00;0;0.000;1.252;0.000;0.039;1.252;1.551;1.551;1.551;30.56;88;13.0;11.9;0;0;5;868M;GW1000_Pro
2020-02-13+19:30:27;67.8;49;29.704;29.704;31.5;90;136;0.67;1.12;22.82;0.00;0;0.000;1.252;0.000;0.039;1.252;1.551;1.551;1.551;30.38;89;18.0;12.1;0;0;5;868M;GW1000_Pro
2020-02-13+19:45:42;67.6;49;29.695;29.695;31.5;90;136;1.79;2.24;22.82;0.00;0;0.000;1.252;0.000;0.039;1.252;1.551;1.551;1.551;30.38;89;19.0;12.3;0;0;5;868M;GW1000_Pro
2020-02-13+19:59:56;67.6;49;29.695;29.695;31.5;90;136;0.89;1.12;22.82;0.00;0;0.000;1.252;0.000;0.039;1.252;1.551;1.551;1.551;30.20;89;16.0;12.5;0;0;5;868M;GW1000_Pro
2020-02-13+20:15:11;67.8;49;29.695;29.695;31.1;91;137;1.34;2.24;22.82;0.00;0;0.000;1.252;0.000;0.039;1.252;1.551;1.551;1.551;30.20;90;19.0;12.7;0;0;5;868M;GW1000_Pro
2020-02-13+20:30:26;67.6;49;29.689;29.689;31.6;90;137;1.12;2.24;22.82;0.00;0;0.000;1.252;0.000;0.039;1.252;1.551;1.551;1.551;30.56;90;18.0;12.9;0;0;5;868M;GW1000_Pro
2020-02-13+20:45:41;67.8;49;29.698;29.698;31.3;91;137;0.89;1.12;22.82;0.00;0;0.000;1.252;0.000;0.039;1.252;1.551;1.551;1.551;30.74;90;17.0;13.0;0;0;5;868M;GW1000_Pro
2020-02-13+21:15:10;67.6;48;29.692;29.692;31.6;91;137;0.22;1.12;22.82;0.00;0;0.000;1.252;0.000;0.039;1.252;1.551;1.551;1.551;30.92;90;20.0;13.5;0;0;5;868M;GW1000_Pro
2020-02-13+21:30:25;67.3;48;29.695;29.695;31.5;91;137;0.89;1.12;22.82;0.00;0;0.000;1.252;0.000;0.039;1.252;1.551;1.551;1.551;30.92;90;19.0;13.8;0;0;5;868M;GW1000_Pro
2020-02-13+21:45:40;67.3;48;29.698;29.698;31.5;90;137;1.79;2.24;22.82;0.00;0;0.000;1.252;0.000;0.039;1.252;1.551;1.551;1.551;30.92;90;22.0;14.2;0;0;5;868M;GW1000_Pro
2020-02-13+22:00:55;67.1;48;29.692;29.692;31.3;91;137;0.00;1.12;22.82;0.00;0;0.000;1.252;0.000;0.039;1.252;1.551;1.551;1.551;30.92;90;20.0;14.5;0;0;5;868M;GW1000_Pro
2020-02-13+22:15:09;67.1;48;29.698;29.698;30.4;94;137;0.00;0.00;22.82;0.00;0;0.000;1.252;0.000;0.039;1.252;1.551;1.551;1.551;30.92;90;23.0;15.0;0;0;5;868M;GW1000_Pro
2020-02-13+22:30:26;67.1;48;29.695;29.695;30.2;93;137;0.00;0.00;22.82;0.00;0;0.000;1.252;0.000;0.039;1.252;1.551;1.551;1.551;30.92;90;22.0;15.3;0;0;5;868M;GW1000_Pro
2020-02-13+22:45:41;66.9;48;29.695;29.695;30.2;94;137;0.89;1.12;22.82;0.00;0;0.000;1.252;0.000;0.039;1.252;1.551;1.551;1.551;30.92;90;21.0;15.6;0;0;5;868M;GW1000_Pro
2020-02-13+23:15:10;66.7;48;29.698;29.698;30.4;93;137;0.00;1.12;1.12;0.00;0;0.000;0.000;0.000;0.000;1.252;1.551;1.551;1.551;30.74;90;22.0;16.4;0;0;5;868M;GW1000_Pro
2020-02-13+23:30:25;66.7;49;29.695;29.695;30.4;93;137;0.00;0.00;2.24;0.00;0;0.000;0.000;0.000;0.000;1.252;1.551;1.551;1.551;30.74;90;24.0;16.7;0;0;5;868M;GW1000_Pro
2020-02-13+23:45:40;66.9;48;29.692;29.692;29.8;94;137;0.00;0.00;2.24;0.00;0;0.000;0.000;0.000;0.000;1.252;1.551;1.551;1.551;30.56;90;26.0;17.1;0;0;5;868M;GW1000_Pro
2020-02-14+00:00:55;66.7;49;29.698;29.698;29.8;94;137;0.00;0.00;2.24;0.00;0;0.000;0.000;0.000;0.000;1.252;1.551;1.551;1.551;30.38;90;22.0;17.4;0;0;5;868M;GW1000_Pro
2020-02-14+00:15:13;66.7;48;29.704;29.704;30.2;93;137;0.22;1.12;2.24;0.00;0;0.000;0.000;0.000;0.000;1.252;1.551;1.551;1.551;30.38;91;25.0;17.7;0;0;5;868M;GW1000_Pro
2020-02-14+00:30:28;66.6;48;29.701;29.701;30.6;92;137;0.67;1.12;2.24;0.00;0;0.000;0.000;0.000;0.000;1.252;1.551;1.551;1.551;30.38;91;25.0;17.9;0;0;5;868M;GW1000_Pro
2020-02-14+00:45:43;66.7;48;29.707;29.707;30.4;93;137;0.00;0.00;2.24;0.00;0;0.000;0.000;0.000;0.000;1.252;1.551;1.551;1.551;30.56;91;29.0;18.5;0;0;5;868M;GW1000_Pro
2020-02-14+01:00:58;66.7;48;29.698;29.698;30.6;93;137;0.00;0.00;2.24;0.00;0;0.000;0.000;0.000;0.000;1.252;1.551;1.551;1.551;30.56;91;30.0;18.9;0;0;5;868M;GW1000_Pro
2020-02-14+01:15:12;66.6;48;29.698;29.698;30.7;93;137;0.00;0.00;2.24;0.00;0;0.000;0.000;0.000;0.000;1.252;1.551;1.551;1.551;30.56;91;36.0;19.7;0;0;5;868M;GW1000_Pro
2020-02-14+01:30:27;66.6;48;29.704;29.704;31.1;92;137;0.00;0.00;2.24;0.00;0;0.000;0.000;0.000;0.000;1.252;1.551;1.551;1.551;30.56;91;39.0;20.4;0;0;5;868M;GW1000_Pro
2020-02-14+01:45:42;66.7;48;29.692;29.692;30.9;93;137;0.00;0.00;2.24;0.00;0;0.000;0.000;0.000;0.000;1.252;1.551;1.551;1.551;30.56;91;37.0;21.4;0;0;5;868M;GW1000_Pro
2020-02-14+02:00:57;66.6;48;29.692;29.692;31.1;92;137;0.00;0.00;2.24;0.00;0;0.000;0.000;0.000;0.000;1.252;1.551;1.551;1.551;30.74;91;38.0;22.1;0;0;5;868M;GW1000_Pro
2020-02-14+02:15:11;66.4;48;29.692;29.692;31.3;92;137;0.00;0.00;2.24;0.00;0;0.000;0.000;0.000;0.000;1.252;1.551;1.551;1.551;30.74;91;42.0;22.9;0;0;5;868M;GW1000_Pro
2020-02-14+02:30:26;66.4;48;29.695;29.695;31.5;92;137;0.00;0.00;2.24;0.00;0;0.000;0.000;0.000;0.000;1.252;1.551;1.551;1.551;30.74;91;40.0;23.7;0;0;5;868M;GW1000_Pro
2020-02-14+02:45:42;66.6;48;29.692;29.692;31.5;92;137;0.22;1.12;2.24;0.00;0;0.000;0.000;0.000;0.000;1.252;1.551;1.551;1.551;30.74;91;38.0;24.5;0;0;5;868M;GW1000_Pro
2020-02-14+03:00:57;66.6;48;29.701;29.701;31.8;91;137;0.00;0.00;2.24;0.00;0;0.000;0.000;0.000;0.000;1.252;1.551;1.551;1.551;30.92;92;38.0;25.1;0;0;5;868M;GW1000_Pro
2020-02-14+03:15:11;66.6;48;29.704;29.704;32.0;88;137;0.00;0.00;2.24;0.00;0;0.000;0.000;0.000;0.000;1.252;1.551;1.551;1.551;30.92;92;37.0;26.0;0;0;5;868M;GW1000_Pro
2020-02-14+03:30:26;66.6;48;29.704;29.704;32.2;87;137;0.89;1.12;2.24;0.00;0;0.000;0.000;0.000;0.000;1.252;1.551;1.551;1.551;31.10;92;37.0;26.6;0;0;5;868M;GW1000_Pro
2020-02-14+03:45:41;66.6;48;29.704;29.704;32.4;89;137;0.45;1.12;2.24;0.00;0;0.000;0.000;0.000;0.000;1.252;1.551;1.551;1.551;31.28;92;33.0;27.2;0;0;5;868M;GW1000_Pro
2020-02-14+04:00:56;66.4;48;29.707;29.707;32.4;88;137;0.89;1.12;2.24;0.00;0;0.000;0.000;0.000;0.000;1.252;1.551;1.551;1.551;31.28;92;32.0;27.6;0;0;5;868M;GW1000_Pro
2020-02-14+04:15:10;66.6;48;29.713;29.713;32.2;89;137;0.22;1.12;2.24;0.00;0;0.000;0.000;0.000;0.000;1.252;1.551;1.551;1.551;31.46;92;33.0;28.1;0;0;5;868M;GW1000_Pro
2020-02-14+04:30:25;66.6;49;29.710;29.710;32.4;88;137;1.12;1.12;2.24;0.00;0;0.000;0.000;0.000;0.000;1.252;1.551;1.551;1.551;31.46;92;29.0;28.3;0;0;5;868M;GW1000_Pro
2020-02-14+04:45:40;66.4;49;29.722;29.722;32.2;90;137;0.00;0.00;2.24;0.00;0;0.000;0.000;0.000;0.000;1.252;1.551;1.551;1.551;31.46;92;30.0;28.6;0;0;5;868M;GW1000_Pro
2020-02-14+05:00:55;66.6;49;29.722;29.722;31.6;91;137;0.00;0.00;2.24;0.00;0;0.000;0.000;0.000;0.000;1.252;1.551;1.551;1.551;31.64;92;31.0;29.0;0;0;5;868M;GW1000_Pro
2020-02-14+05:15:09;66.6;48;29.725;29.725;32.5;89;137;0.00;1.12;2.24;0.00;0;0.000;0.000;0.000;0.000;1.252;1.551;1.551;1.551;31.64;92;30.0;29.3;0;0;5;868M;GW1000_Pro
2020-02-14+05:30:24;66.7;49;29.731;29.731;32.2;89;137;0.67;1.12;2.24;0.00;0;0.000;0.000;0.000;0.000;1.252;1.551;1.551;1.551;31.64;92;29.0;29.7;0;0;5;868M;GW1000_Pro
2020-02-14+05:45:39;66.6;49;29.725;29.725;32.2;90;137;0.00;1.12;2.24;0.00;0;0.000;0.000;0.000;0.000;1.252;1.551;1.551;1.551;31.64;92;26.0;29.9;0;0;5;868M;GW1000_Pro
2020-02-14+06:00:54;66.9;49;29.737;29.737;32.2;89;137;0.00;1.12;2.24;0.00;0;0.000;0.000;0.000;0.000;1.252;1.551;1.551;1.551;31.46;92;26.0;30.0;0;0;5;868M;GW1000_Pro
2020-02-14+06:15:08;66.9;50;29.746;29.746;31.8;89;137;0.67;2.24;2.24;1.71;0;0.000;0.000;0.000;0.000;1.252;1.551;1.551;1.551;31.46;92;27.0;30.2;0;0;5;868M;GW1000_Pro
2020-02-14+06:30:23;66.9;50;29.751;29.751;31.8;89;137;0.67;1.12;2.24;6.85;0;0.000;0.000;0.000;0.000;1.252;1.551;1.551;1.551;31.46;91;26.0;30.3;0;0;5;868M;GW1000_Pro
2020-02-14+06:45:38;67.3;50;29.760;29.760;32.0;89;137;1.12;2.24;2.24;13.33;0;0.000;0.000;0.000;0.000;1.252;1.551;1.551;1.551;31.28;92;28.0;30.5;0;0;5;868M;GW1000_Pro
2020-02-14+07:00:53;67.5;50;29.775;29.775;32.4;88;137;2.24;2.24;2.24;19.08;0;0.000;0.000;0.000;0.000;1.252;1.551;1.551;1.551;31.46;92;26.0;30.7;0;0;5;868M;GW1000_Pro
2020-02-14+07:15:07;66.9;48;29.778;29.778;32.7;88;137;0.89;1.12;2.24;24.22;0;0.000;0.000;0.000;0.000;1.252;1.551;1.551;1.551;31.64;92;41.0;31.0;0;0;5;868M;GW1000_Pro
2020-02-14+07:30:22;67.3;49;29.784;29.784;33.3;87;137;1.12;2.24;2.24;36.82;0;0.000;0.000;0.000;0.000;1.252;1.551;1.551;1.551;31.82;92;28.0;31.3;0;0;5;868M;GW1000_Pro
2020-02-14+07:45:37;66.9;49;29.781;29.781;33.6;87;137;0.00;0.00;2.24;41.96;0;0.000;0.000;0.000;0.000;1.252;1.551;1.551;1.551;31.82;92;36.0;31.5;0;0;5;868M;GW1000_Pro
2020-02-14+08:00:52;67.3;48;29.784;29.784;34.2;86;137;0.00;0.00;2.24;54.19;0;0.000;0.000;0.000;0.000;1.252;1.551;1.551;1.551;32.00;92;36.0;31.8;0;0;5;868M;GW1000_Pro
2020-02-14+08:15:06;67.1;49;29.793;29.793;35.6;82;137;0.00;0.00;2.24;62.02;0;0.000;0.000;0.000;0.000;1.252;1.551;1.551;1.551;32.18;92;28.0;32.0;0;0;5;868M;GW1000_Pro
2020-02-14+08:30:21;67.3;48;29.799;29.799;37.8;77;137;0.00;0.00;2.24;80.62;0;0.000;0.000;0.000;0.000;1.252;1.551;1.551;1.551;32.18;92;31.0;32.2;0;0;5;868M;GW1000_Pro
2020-02-14+08:45:37;67.6;48;29.802;29.802;39.4;73;136;1.79;2.24;2.24;127.47;1;0.000;0.000;0.000;0.000;1.252;1.551;1.551;1.551;32.54;92;30.0;32.3;0;0;5;868M;GW1000_Pro
2020-02-14+09:00:52;68.2;48;29.802;29.802;38.3;76;36;2.46;4.47;4.47;163.93;1;0.000;0.000;0.000;0.000;1.252;1.551;1.551;1.551;33.26;92;25.0;32.2;0;0;5;868M;GW1000_Pro
2020-02-14+09:15:06;68.7;47;29.813;29.813;38.7;77;347;2.46;3.36;4.47;180.44;1;0.000;0.000;0.000;0.000;1.252;1.551;1.551;1.551;33.80;92;32.0;32.2;0;0;5;868M;GW1000_Pro
2020-02-14+09:30:21;69.3;48;29.811;29.811;40.1;76;41;2.91;5.82;5.82;187.29;1;0.000;0.000;0.000;0.000;1.252;1.551;1.551;1.551;34.52;92;31.0;32.1;0;0;5;868M;GW1000_Pro
2020-02-14+09:45:36;69.6;47;29.822;29.822;39.9;74;33;0.45;4.47;5.82;208.58;2;0.000;0.000;0.000;0.000;1.252;1.551;1.551;1.551;34.88;91;26.0;32.0;0;0;5;868M;GW1000_Pro
2020-02-14+10:00:51;70.0;48;29.831;29.831;39.7;71;51;2.46;3.36;6.93;220.32;2;0.000;0.000;0.000;0.000;1.252;1.551;1.551;1.551;35.42;91;35.0;31.9;0;0;5;868M;GW1000_Pro
2020-02-14+10:15:05;70.0;48;29.837;29.837;42.3;67;38;0.00;1.12;6.93;225.46;2;0.000;0.000;0.000;0.000;1.252;1.551;1.551;1.551;35.78;90;24.0;31.4;0;0;5;868M;GW1000_Pro
2020-02-14+10:30:20;70.2;48;29.834;29.834;41.5;65;27;4.03;4.47;6.93;235.49;2;0.000;0.000;0.000;0.000;1.252;1.551;1.551;1.551;35.96;89;29.0;31.1;0;0;5;868M;GW1000_Pro
2020-02-14+10:45:35;70.5;48;29.846;29.846;40.1;66;18;1.79;3.36;8.05;240.76;2;0.000;0.000;0.000;0.000;1.252;1.551;1.551;1.551;36.14;87;22.0;30.5;0;0;5;868M;GW1000_Pro
2020-02-14+11:00:50;70.3;49;29.849;29.849;42.6;63;48;1.12;2.24;8.05;238.56;2;0.000;0.000;0.000;0.000;1.252;1.551;1.551;1.551;36.50;86;23.0;30.1;0;0;5;868M;GW1000_Pro
2020-02-14+11:15:04;70.3;49;29.855;29.855;42.8;61;1;1.12;3.36;8.05;235.98;2;0.000;0.000;0.000;0.000;1.252;1.551;1.551;1.551;36.86;86;26.0;29.8;0;0;5;868M;GW1000_Pro
2020-02-14+11:30:19;70.3;49;29.858;29.858;43.3;59;26;2.24;3.36;8.05;227.30;2;0.000;0.000;0.000;0.000;1.252;1.551;1.551;1.551;37.58;84;27.0;29.6;0;0;5;868M;GW1000_Pro
2020-02-14+11:45:34;70.5;49;29.867;29.867;42.1;62;358;2.91;3.36;8.05;220.69;2;0.000;0.000;0.000;0.000;1.252;1.551;1.551;1.551;38.30;83;26.0;29.1;0;0;5;868M;GW1000_Pro
2020-02-14+12:00:49;70.0;47;29.878;29.878;41.5;62;18;2.46;4.47;8.05;222.04;2;0.000;0.000;0.000;0.000;1.252;1.551;1.551;1.551;38.48;82;24.0;28.8;0;0;5;868M;GW1000_Pro
2020-02-14+12:15:03;70.2;46;29.875;29.875;42.6;62;354;2.46;4.47;8.05;167.85;1;0.000;0.000;0.000;0.000;1.252;1.551;1.551;1.551;38.84;82;24.0;28.6;0;0;5;868M;GW1000_Pro
2020-02-14+12:30:18;70.0;42;29.881;29.881;42.8;61;19;0.89;2.24;8.05;198.67;1;0.000;0.000;0.000;0.000;1.252;1.551;1.551;1.551;39.38;82;23.0;28.3;0;0;5;868M;GW1000_Pro
2020-02-14+12:45:33;69.8;45;29.899;29.899;41.9;63;356;3.58;6.93;8.05;155.24;1;0.000;0.000;0.000;0.000;1.252;1.551;1.551;1.551;40.46;81;23.0;28.0;0;0;5;868M;GW1000_Pro
2020-02-14+13:00:48;69.1;42;29.908;29.908;41.9;64;321;3.13;4.47;8.05;153.53;1;0.000;0.000;0.000;0.000;1.252;1.551;1.551;1.551;40.28;81;24.0;27.8;0;0;5;868M;GW1000_Pro
2020-02-14+13:15:02;69.3;45;29.905;29.905;43.0;63;355;2.01;4.47;8.05;87.10;0;0.000;0.000;0.000;0.000;1.252;1.551;1.551;1.551;40.10;81;21.0;27.5;0;0;5;868M;GW1000_Pro
2020-02-14+13:30:20;69.4;46;29.905;29.905;41.7;65;6;2.46;4.47;8.05;75.48;0;0.000;0.000;0.000;0.000;1.252;1.551;1.551;1.551;39.74;80;19.0;27.3;0;0;5;868M;GW1000_Pro
2020-02-14+13:45:35;69.3;47;29.920;29.920;41.7;67;307;0.22;5.82;8.05;68.02;0;0.000;0.000;0.000;0.000;1.252;1.551;1.551;1.551;39.56;81;20.0;26.9;0;0;5;868M;GW1000_Pro
2020-02-14+14:00:50;69.6;47;29.929;29.929;42.6;67;10;1.79;4.47;8.05;58.11;0;0.000;0.000;0.000;0.000;1.252;1.551;1.551;1.551;39.20;81;20.0;26.7;0;0;5;868M;GW1000_Pro
2020-02-14+14:15:04;69.6;48;29.935;29.935;41.0;71;7;2.24;4.47;8.05;48.56;0;0.000;0.000;0.000;0.000;1.252;1.551;1.551;1.551;39.02;82;24.0;26.7;0;0;5;868M;GW1000_Pro
2020-02-14+14:30:19;69.4;48;29.940;29.940;41.5;71;1;0.67;1.12;8.05;47.22;0;0.000;0.000;0.000;0.000;1.252;1.551;1.551;1.551;38.66;82;23.0;26.5;0;0;5;868M;GW1000_Pro
2020-02-14+14:45:34;69.6;48;29.949;29.949;41.4;72;13;0.00;1.12;8.05;39.02;0;0.000;0.000;0.000;0.000;1.252;1.551;1.551;1.551;38.30;83;23.0;26.4;0;0;5;868M;GW1000_Pro
2020-02-14+15:00:49;69.4;48;29.955;29.955;39.4;76;11;0.89;1.12;8.05;29.48;0;0.000;0.000;0.000;0.000;1.252;1.551;1.551;1.551;37.76;83;24.0;26.3;0;0;5;868M;GW1000_Pro
2020-02-14+15:15:03;69.4;49;29.961;29.961;37.8;80;12;0.67;1.12;8.05;21.16;0;0.000;0.000;0.000;0.000;1.252;1.551;1.551;1.551;37.22;83;21.0;26.2;0;0;5;868M;GW1000_Pro
2020-02-14+15:30:18;69.3;48;29.967;29.967;36.5;83;11;0.00;1.12;8.05;11.25;0;0.000;0.000;0.000;0.000;1.252;1.551;1.551;1.551;36.50;84;26.0;25.9;0;0;5;868M;GW1000_Pro
2020-02-14+15:45:33;69.3;48;29.991;29.991;35.6;84;11;1.12;1.12;8.05;4.77;0;0.000;0.000;0.000;0.000;1.252;1.551;1.551;1.551;35.78;84;24.0;25.7;0;0;5;868M;GW1000_Pro
2020-02-14+16:00:48;69.3;48;29.997;29.997;35.4;85;11;1.12;2.24;8.05;0.00;0;0.000;0.000;0.000;0.000;1.252;1.551;1.551;1.551;35.06;85;23.0;25.5;0;0;5;868M;GW1000_Pro
2020-02-14+16:15:02;69.1;48;30.000;30.000;35.4;84;5;2.24;3.36;8.05;0.00;0;0.000;0.000;0.000;0.000;1.252;1.551;1.551;1.551;34.52;85;28.0;25.1;0;0;5;868M;GW1000_Pro
2020-02-14+16:30:17;68.9;47;30.011;30.011;35.2;85;315;0.89;1.12;8.05;0.00;0;0.000;0.000;0.000;0.000;1.252;1.551;1.551;1.551;33.80;86;24.0;25.1;0;0;5;868M;GW1000_Pro
2020-02-14+16:45:32;69.1;48;30.014;30.014;35.1;85;292;1.34;2.24;8.05;0.00;0;0.000;0.000;0.000;0.000;1.252;1.551;1.551;1.551;33.44;86;28.0;24.9;0;0;5;868M;GW1000_Pro
2020-02-14+17:00:47;68.9;48;30.020;30.020;34.0;87;292;2.24;2.24;8.05;0.00;0;0.000;0.000;0.000;0.000;1.252;1.551;1.551;1.551;32.90;87;24.0;24.8;0;0;5;868M;GW1000_Pro
2020-02-14+17:15:01;68.7;48;30.032;30.032;34.2;87;292;1.34;2.24;8.05;0.00;0;0.000;0.000;0.000;0.000;1.252;1.551;1.551;1.551;32.36;87;25.0;24.8;0;0;5;868M;GW1000_Pro
2020-02-14+17:30:16;68.5;48;30.035;30.035;34.0;87;289;2.24;2.24;8.05;0.00;0;0.000;0.000;0.000;0.000;1.252;1.551;1.551;1.551;32.00;88;25.0;24.7;0;0;5;868M;GW1000_Pro
2020-02-14+17:45:34;68.7;48;30.035;30.035;34.0;87;289;1.34;2.24;8.05;0.00;0;0.000;0.000;0.000;0.000;1.252;1.551;1.551;1.551;31.64;88;61.0;24.7;0;0;5;868M;GW1000_Pro
2020-02-14+18:00:49;68.4;49;30.047;30.047;33.6;89;288;2.24;3.36;8.05;0.00;0;0.000;0.000;0.000;0.000;1.252;1.551;1.551;1.551;31.28;89;41.0;25.0;0;0;5;868M;GW1000_Pro
2020-02-14+18:15:03;68.5;49;30.053;30.053;33.6;89;285;1.12;2.24;8.05;0.00;0;0.000;0.000;0.000;0.000;1.252;1.551;1.551;1.551;31.10;89;22.0;24.8;0;0;5;868M;GW1000_Pro
2020-02-14+18:30:21;68.5;49;30.053;30.053;33.8;90;280;2.24;3.36;8.05;0.00;0;0.000;0.000;0.000;0.000;1.252;1.551;1.551;1.551;30.92;90;26.0;24.6;0;0;5;868M;GW1000_Pro
2020-02-14+18:45:36;68.7;49;30.070;30.070;33.3;91;280;2.68;3.36;8.05;0.00;0;0.000;0.000;0.000;0.000;1.252;1.551;1.551;1.551;30.74;90;23.0;24.6;0;0;5;868M;GW1000_Pro
2020-02-14+19:00:51;68.7;49;30.073;30.073;32.7;92;280;2.01;2.24;8.05;0.00;0;0.000;0.000;0.000;0.000;1.252;1.551;1.551;1.551;30.56;90;27.0;24.6;0;0;5;868M;GW1000_Pro
2020-02-14+19:15:05;68.4;48;30.079;30.079;32.7;92;280;2.24;3.36;8.05;0.00;0;0.000;0.000;0.000;0.000;1.252;1.551;1.551;1.551;30.74;91;21.0;24.6;0;0;5;868M;GW1000_Pro
2020-02-14+19:30:20;68.5;48;30.073;30.073;32.4;93;280;1.57;2.24;8.05;0.00;0;0.000;0.000;0.000;0.000;1.252;1.551;1.551;1.551;30.92;91;23.0;24.6;0;0;5;868M;GW1000_Pro
2020-02-14+19:45:35;68.4;48;30.076;30.076;32.4;93;280;1.12;2.24;8.05;0.00;0;0.000;0.000;0.000;0.000;1.252;1.551;1.551;1.551;30.92;91;27.0;24.7;0;0;5;868M;GW1000_Pro
2020-02-14+20:00:50;68.5;48;30.085;30.085;32.2;93;280;2.24;3.36;8.05;0.00;0;0.000;0.000;0.000;0.000;1.252;1.551;1.551;1.551;30.92;91;28.0;24.8;0;0;5;868M;GW1000_Pro
2020-02-14+20:15:04;68.4;48;30.091;30.091;32.4;94;280;2.24;3.36;8.05;0.00;0;0.000;0.000;0.000;0.000;1.252;1.551;1.551;1.551;30.92;91;27.0;24.9;0;0;5;868M;GW1000_Pro
2020-02-14+20:30:19;68.4;48;30.091;30.091;32.4;94;280;2.01;2.24;8.05;0.00;0;0.000;0.000;0.000;0.000;1.252;1.551;1.551;1.551;30.92;91;29.0;24.9;0;0;5;868M;GW1000_Pro
2020-02-14+20:45:34;68.5;48;30.094;30.094;32.2;94;280;2.24;2.24;8.05;0.00;0;0.000;0.000;0.000;0.000;1.252;1.551;1.551;1.551;31.10;91;29.0;25.1;0;0;5;868M;GW1000_Pro
2020-02-14+21:00:49;68.4;48;30.103;30.103;31.8;94;280;2.24;2.24;8.05;0.00;0;0.000;0.000;0.000;0.000;1.252;1.551;1.551;1.551;31.10;91;25.0;25.2;0;0;5;868M;GW1000_Pro
2020-02-14+21:15:03;68.4;48;30.103;30.103;32.0;94;279;2.24;3.36;8.05;0.00;0;0.000;0.000;0.000;0.000;1.252;1.551;1.551;1.551;30.92;92;22.0;25.2;0;0;5;868M;GW1000_Pro
2020-02-14+21:30:18;68.2;47;30.100;30.100;31.5;95;279;2.46;3.36;8.05;0.00;0;0.000;0.000;0.000;0.000;1.252;1.551;1.551;1.551;30.92;92;21.0;25.2;0;0;5;868M;GW1000_Pro
2020-02-14+21:45:33;68.0;48;30.100;30.100;31.1;95;279;2.24;3.36;8.05;0.00;0;0.000;0.000;0.000;0.000;1.252;1.551;1.551;1.551;30.92;92;33.0;25.5;0;0;5;868M;GW1000_Pro
2020-02-14+22:00:48;68.2;48;30.103;30.103;31.5;94;278;2.91;3.36;8.05;0.00;0;0.000;0.000;0.000;0.000;1.252;1.551;1.551;1.551;30.74;92;39.0;26.0;0;0;5;868M;GW1000_Pro
2020-02-14+22:15:02;68.0;48;30.106;30.106;30.7;95;275;2.46;3.36;8.05;0.00;0;0.000;0.000;0.000;0.000;1.252;1.551;1.551;1.551;30.74;92;60.0;27.2;0;0;5;868M;GW1000_Pro
2020-02-14+22:30:17;68.0;48;30.121;30.121;32.0;93;194;4.25;5.82;8.05;0.00;0;0.000;0.000;0.000;0.000;1.252;1.551;1.551;1.551;30.92;92;91.0;28.8;0;0;5;868M;GW1000_Pro
2020-02-14+22:45:32;68.0;48;30.115;30.115;32.5;91;178;5.37;5.82;8.05;0.00;0;0.000;0.000;0.000;0.000;1.252;1.551;1.551;1.551;31.28;93;112.0;31.6;0;0;5;868M;GW1000_Pro
2020-02-14+23:00:47;68.0;48;30.109;30.109;32.0;92;205;2.68;4.47;4.47;0.00;0;0.000;0.000;0.000;0.000;1.252;1.551;1.551;1.551;31.46;93;111.0;34.0;0;0;5;868M;GW1000_Pro
2020-02-14+23:15:01;67.8;48;30.118;30.118;31.6;92;192;2.46;3.36;4.47;0.00;0;0.000;0.000;0.000;0.000;1.252;1.551;1.551;1.551;31.46;92;119.0;37.2;0;0;5;868M;GW1000_Pro
2020-02-14+23:30:16;67.8;48;30.121;30.121;31.5;92;189;2.24;3.36;4.47;0.00;0;0.000;0.000;0.000;0.000;1.252;1.551;1.551;1.551;31.28;92;107.0;39.6;0;0;5;868M;GW1000_Pro
2020-02-14+23:45:31;67.8;48;30.115;30.115;31.3;91;189;2.91;4.47;4.47;0.00;0;0.000;0.000;0.000;0.000;1.252;1.551;1.551;1.551;31.10;92;114.0;42.6;0;0;5;868M;GW1000_Pro
2020-02-15+00:00:46;67.8;48;30.124;30.124;31.5;90;185;4.03;4.47;4.47;0.00;0;0.000;0.000;0.000;0.000;1.252;1.551;1.551;1.551;31.10;92;101.0;44.8;0;0;5;868M;GW1000_Pro
2020-02-15+00:15:03;67.6;47;30.135;30.135;31.3;89;183;3.13;3.36;4.47;0.00;0;0.000;0.000;0.000;0.000;1.252;1.551;1.551;1.551;31.10;92;94.0;47.3;0;0;5;868M;GW1000_Pro
2020-02-15+00:30:18;67.8;48;30.129;30.129;31.1;89;190;3.36;4.47;4.47;0.00;0;0.000;0.000;0.000;0.000;1.252;1.551;1.551;1.551;30.92;92;93.0;49.2;0;0;5;868M;GW1000_Pro
2020-02-15+00:45:33;67.6;48;30.135;30.135;31.1;89;191;3.13;4.47;4.47;0.00;0;0.000;0.000;0.000;0.000;1.252;1.551;1.551;1.551;30.74;91;94.0;51.6;0;0;5;868M;GW1000_Pro
2020-02-15+01:00:48;67.6;47;30.135;30.135;31.5;86;196;2.46;4.47;5.82;0.00;0;0.000;0.000;0.000;0.000;1.252;1.551;1.551;1.551;30.56;91;98.0;52.6;0;0;5;868M;GW1000_Pro
2020-02-15+01:15:02;67.8;47;30.138;30.138;31.3;87;199;3.36;4.47;5.82;0.00;0;0.000;0.000;0.000;0.000;1.252;1.551;1.551;1.551;30.38;91;90.0;53.0;0;0;5;868M;GW1000_Pro
2020-02-15+01:30:17;67.5;47;30.138;30.138;31.3;85;190;2.24;4.47;5.82;0.00;0;0.000;0.000;0.000;0.000;1.252;1.551;1.551;1.551;30.38;91;73.0;53.8;0;0;5;868M;GW1000_Pro
2020-02-15+01:45:32;67.6;47;30.135;30.135;32.2;82;188;3.58;4.47;5.82;0.00;0;0.000;0.000;0.000;0.000;1.252;1.551;1.551;1.551;30.38;91;71.0;55.4;0;0;5;868M;GW1000_Pro
2020-02-15+02:00:47;67.6;47;30.138;30.138;31.6;84;193;3.13;4.47;5.82;0.00;0;0.000;0.000;0.000;0.000;1.252;1.551;1.551;1.551;30.20;91;80.0;56.8;0;0;5;868M;GW1000_Pro
2020-02-15+02:15:01;67.5;47;30.135;30.135;32.2;83;195;2.68;3.36;5.82;0.00;0;0.000;0.000;0.000;0.000;1.252;1.551;1.551;1.551;30.20;91;61.0;57.7;0;0;5;868M;GW1000_Pro
2020-02-15+02:30:16;67.5;47;30.126;30.126;32.9;82;202;2.91;3.36;5.82;0.00;0;0.000;0.000;0.000;0.000;1.252;1.551;1.551;1.551;30.20;91;56.0;58.2;0;0;5;868M;GW1000_Pro
2020-02-15+02:45:31;67.6;47;30.132;30.132;33.4;80;206;3.58;4.47;5.82;0.00;0;0.000;0.000;0.000;0.000;1.252;1.551;1.551;1.551;30.38;91;49.0;59.1;0;0;5;868M;GW1000_Pro
2020-02-15+03:00:46;67.5;47;30.126;30.126;34.2;78;198;3.13;4.47;5.82;0.00;0;0.000;0.000;0.000;0.000;1.252;1.551;1.551;1.551;30.56;91;47.0;59.7;0;0;5;868M;GW1000_Pro
2020-02-15+03:15:00;67.5;47;30.121;30.121;34.3;79;202;4.03;5.82;5.82;0.00;0;0.000;0.000;0.000;0.000;1.252;1.551;1.551;1.551;30.74;91;42.0;60.4;0;0;5;868M;GW1000_Pro
2020-02-15+03:30:16;67.5;47;30.126;30.126;33.8;82;214;3.36;3.36;6.93;0.00;0;0.000;0.000;0.000;0.000;1.252;1.551;1.551;1.551;30.74;91;44.0;60.9;0;0;5;868M;GW1000_Pro
2020-02-15+03:45:31;67.5;47;30.129;30.129;33.8;83;217;3.80;5.82;6.93;0.00;0;0.000;0.000;0.000;0.000;1.252;1.551;1.551;1.551;30.74;91;39.0;61.6;0;0;5;868M;GW1000_Pro
2020-02-15+04:00:05;67.5;47;30.124;30.124;33.8;84;203;0.89;1.12;6.93;0.00;0;0.000;0.000;0.000;0.000;1.252;1.551;1.551;1.551;30.74;91;37.0;62.0;0;0;5;868M;GW1000_Pro
2020-02-15+04:00:46;67.5;47;30.118;30.118;33.8;84;202;1.12;2.24;6.93;0.00;0;0.000;0.000;0.000;0.000;1.252;1.551;1.551;1.551;30.74;91;37.0;62.0;0;0;5;868M;GW1000_Pro
2020-02-15+04:15:00;67.5;48;30.118;30.118;34.3;84;137;0.89;5.82;6.93;0.00;0;0.000;0.000;0.000;0.000;1.252;1.551;1.551;1.551;30.74;91;48.0;62.5;0;0;5;868M;GW1000_Pro
2020-02-15+04:30:15;67.3;49;30.115;30.115;34.7;84;157;2.24;8.05;8.05;0.00;0;0.000;0.000;0.000;0.000;1.252;1.551;1.551;1.551;31.10;92;43.0;63.0;0;0;5;868M;GW1000_Pro
2020-02-15+04:45:30;67.5;48;30.112;30.112;34.9;84;199;2.68;4.47;8.05;0.00;0;0.000;0.000;0.000;0.000;1.252;1.551;1.551;1.551;31.28;92;39.0;63.4;0;0;5;868M;GW1000_Pro
2020-02-15+05:00:45;67.5;48;30.112;30.112;34.7;84;155;2.68;3.36;8.05;0.00;0;0.000;0.000;0.000;0.000;1.252;1.551;1.551;1.551;31.64;92;44.0;63.8;0;0;5;868M;GW1000_Pro
2020-02-15+05:14:59;67.3;48;30.115;30.115;34.9;84;107;2.24;3.36;8.05;0.00;0;0.000;0.000;0.000;0.000;1.252;1.551;1.551;1.551;31.82;92;43.0;64.3;0;0;5;868M;GW1000_Pro
2020-02-15+05:30:14;67.3;48;30.106;30.106;34.9;83;112;2.24;2.24;8.05;0.00;0;0.000;0.000;0.000;0.000;1.252;1.551;1.551;1.551;32.00;92;40.0;64.7;0;0;5;868M;GW1000_Pro
2020-02-15+05:45:29;67.3;48;30.103;30.103;34.5;84;124;1.79;2.24;8.05;0.00;0;0.000;0.000;0.000;0.000;1.252;1.551;1.551;1.551;32.18;92;49.0;65.4;0;0;5;868M;GW1000_Pro
2020-02-15+06:00:44;67.5;48;30.097;30.097;34.5;84;126;3.36;3.36;8.05;0.36;0;0.000;0.000;0.000;0.000;1.252;1.551;1.551;1.551;32.18;92;54.0;66.3;0;0;5;868M;GW1000_Pro
2020-02-15+06:30:13;67.6;49;30.103;30.103;35.4;84;149;1.34;6.93;9.17;12.97;0;0.000;0.000;0.000;0.000;1.252;1.551;1.551;1.551;32.72;92;45.0;67.1;0;0;5;868M;GW1000_Pro
2020-02-15+06:45:28;67.8;50;30.097;30.097;35.8;84;152;4.47;9.17;9.17;28.14;0;0.000;0.000;0.000;0.000;1.252;1.551;1.551;1.551;33.26;92;32.0;66.3;0;0;5;868M;GW1000_Pro
2020-02-15+07:00:43;67.8;50;30.100;30.100;35.4;84;107;0.22;4.47;12.53;39.39;0;0.000;0.000;0.000;0.000;1.252;1.551;1.551;1.551;33.62;92;37.0;64.7;0;0;5;868M;GW1000_Pro
2020-02-15+07:15:58;67.8;49;30.106;30.106;34.5;84;131;8.50;11.41;13.65;48.07;0;0.000;0.000;0.000;0.000;1.252;1.551;1.551;1.551;33.80;90;39.0;62.4;0;0;5;868M;GW1000_Pro
2020-02-15+07:30:12;67.8;49;30.112;30.112;33.3;85;153;6.93;9.17;13.65;76.34;0;0.000;0.000;0.000;0.000;1.252;1.551;1.551;1.551;33.44;89;38.0;60.4;0;0;5;868M;GW1000_Pro
2020-02-15+07:45:27;67.8;49;30.121;30.121;32.9;87;188;3.36;10.29;13.65;86.24;0;0.000;0.000;0.000;0.000;1.252;1.551;1.551;1.551;33.26;89;38.0;57.7;0;0;5;868M;GW1000_Pro
2020-02-15+08:00:42;68.0;49;30.115;30.115;33.1;87;158;3.36;11.41;13.65;101.90;1;0.000;0.000;0.000;0.000;1.252;1.551;1.551;1.551;33.08;89;35.0;55.7;0;0;5;868M;GW1000_Pro
2020-02-15+08:15:57;68.0;49;30.115;30.115;33.8;87;59;3.58;6.93;14.76;114.87;1;0.000;0.000;0.000;0.000;1.252;1.551;1.551;1.551;33.26;90;31.0;52.9;0;0;5;868M;GW1000_Pro
2020-02-15+08:30:16;68.4;49;30.115;30.115;34.3;86;119;2.91;10.29;14.76;183.87;1;0.000;0.000;0.000;0.000;1.252;1.551;1.551;1.551;33.44;90;27.0;50.9;0;0;5;868M;GW1000_Pro
2020-02-15+08:45:26;68.4;49;30.112;30.112;35.6;85;95;7.61;9.17;14.76;182.15;1;0.000;0.000;0.000;0.000;1.252;1.551;1.551;1.551;33.98;90;26.0;48.5;0;0;5;868M;GW1000_Pro
2020-02-15+09:00:41;68.4;49;30.109;30.109;35.4;86;103;4.03;13.65;14.76;86.24;0;0.000;0.000;0.000;0.000;1.252;1.551;1.551;1.551;34.34;90;28.0;46.7;0;0;5;868M;GW1000_Pro
2020-02-15+09:15:56;68.4;49;30.097;30.097;35.8;86;131;2.91;8.05;14.76;143.99;1;0.000;0.000;0.000;0.000;1.252;1.551;1.551;1.551;34.70;90;27.0;44.3;0;0;5;868M;GW1000_Pro
2020-02-15+09:30:10;68.5;49;30.106;30.106;35.8;86;104;2.91;5.82;17.22;140.93;1;0.000;0.000;0.000;0.000;1.252;1.551;1.551;1.551;35.06;90;27.0;43.4;0;0;5;868M;GW1000_Pro
2020-02-15+09:45:25;68.2;49;30.091;30.091;36.5;85;99;3.36;4.47;17.22;176.04;1;0.000;0.000;0.000;0.000;1.252;1.551;1.551;1.551;35.24;90;24.0;43.0;0;0;5;868M;GW1000_Pro
2020-02-15+10:00:40;68.4;49;30.085;30.085;36.9;86;154;1.34;10.29;17.22;174.81;1;0.000;0.000;0.000;0.000;1.252;1.551;1.551;1.551;35.60;90;25.0;41.7;0;0;5;868M;GW1000_Pro
2020-02-15+10:15:55;68.4;49;30.085;30.085;36.9;85;79;4.47;6.93;17.22;128.82;1;0.000;0.000;0.000;0.000;1.252;1.551;1.551;1.551;35.96;90;27.0;40.1;0;0;5;868M;GW1000_Pro
2020-02-15+10:30:09;68.2;49;30.088;30.088;37.4;85;102;1.34;4.47;17.22;176.04;1;0.000;0.000;0.000;0.000;1.252;1.551;1.551;1.551;36.32;90;28.0;39.0;0;0;5;868M;GW1000_Pro
2020-02-15+10:45:25;68.5;49;30.070;30.070;37.6;84;161;16.11;19.46;19.46;164.29;1;0.000;0.000;0.000;0.000;1.252;1.551;1.551;1.551;36.68;89;26.0;37.8;0;0;5;868M;GW1000_Pro
2020-02-15+11:00:40;68.2;49;30.059;30.059;38.5;83;168;4.47;6.93;19.46;205.15;2;0.000;0.000;0.000;0.000;1.252;1.551;1.551;1.551;37.22;89;22.0;36.9;0;0;5;868M;GW1000_Pro
2020-02-15+11:15:55;68.5;48;30.053;30.053;38.5;82;137;7.38;12.53;19.46;172.98;1;0.000;0.000;0.000;0.000;1.252;1.551;1.551;1.551;37.58;88;29.0;36.2;0;0;5;868M;GW1000_Pro
2020-02-15+11:30:09;68.4;48;30.062;30.062;38.7;82;77;4.47;15.88;19.46;178.24;1;0.000;0.000;0.000;0.000;1.252;1.551;1.551;1.551;38.12;88;29.0;35.7;0;0;5;868M;GW1000_Pro
2020-02-15+11:45:24;68.4;50;30.056;30.056;39.2;82;136;6.93;12.53;19.46;173.84;1;0.000;0.000;0.000;0.000;1.252;1.551;1.551;1.551;38.48;88;26.0;35.2;0;0;5;868M;GW1000_Pro
2020-02-15+12:00:39;68.5;57;30.041;30.041;39.2;82;131;8.95;11.41;19.46;158.67;1;0.000;0.000;0.000;0.000;1.252;1.551;1.551;1.551;38.84;86;31.0;34.7;0;0;5;868M;GW1000_Pro
2020-02-15+12:15:54;68.4;56;30.044;30.044;39.6;81;72;3.13;4.47;19.46;131.88;1;0.000;0.000;0.000;0.000;1.252;1.551;1.551;1.551;39.20;86;27.0;34.3;0;0;5;868M;GW1000_Pro
2020-02-15+12:30:08;68.4;58;30.047;30.047;39.7;82;103;4.70;6.93;19.46;104.48;1;0.000;0.000;0.000;0.000;1.252;1.551;1.551;1.551;39.56;86;26.0;34.0;0;0;5;868M;GW1000_Pro
2020-02-15+12:45:23;68.4;54;30.038;30.038;39.6;83;101;6.04;10.29;19.46;87.96;0;0.000;0.000;0.000;0.000;1.252;1.551;1.551;1.551;39.56;86;33.0;33.6;0;0;5;868M;GW1000_Pro
2020-02-15+13:00:38;68.9;56;30.026;30.026;39.9;82;172;5.59;10.29;19.46;124.90;1;0.000;0.000;0.000;0.000;1.252;1.551;1.551;1.551;39.74;86;30.0;33.2;0;0;5;868M;GW1000_Pro
2020-02-15+13:15:53;68.7;55;30.014;30.014;40.6;81;181;4.47;10.29;19.46;149.12;1;0.000;0.000;0.000;0.000;1.252;1.551;1.551;1.551;40.10;86;34.0;33.0;0;0;5;868M;GW1000_Pro
2020-02-15+13:30:07;68.5;55;30.014;30.014;40.8;80;145;8.95;11.41;19.46;123.19;1;0.000;0.000;0.000;0.000;1.252;1.551;1.551;1.551;40.46;85;34.0;32.8;0;0;5;868M;GW1000_Pro
2020-02-15+13:45:22;68.4;54;30.005;30.005;41.2;80;127;6.93;8.05;19.46;107.04;1;0.000;0.000;0.000;0.000;1.252;1.551;1.551;1.551;40.82;85;32.0;32.4;0;0;5;868M;GW1000_Pro
2020-02-15+14:00:40;68.5;53;30.008;30.008;41.7;79;164;2.68;6.93;19.46;129.68;1;0.000;0.000;0.000;0.000;1.252;1.551;1.551;1.551;41.18;84;32.0;32.1;0;0;5;868M;GW1000_Pro
2020-02-15+14:15:55;68.5;53;30.005;30.005;41.7;79;56;3.80;12.53;19.46;97.13;0;0.000;0.000;0.000;0.000;1.252;1.551;1.551;1.551;41.36;84;30.0;31.5;0;0;5;868M;GW1000_Pro
2020-02-15+14:30:09;68.4;52;30.000;30.000;41.7;79;116;4.92;8.05;19.46;73.65;0;0.000;0.000;0.000;0.000;1.252;1.551;1.551;1.551;41.54;83;29.0;30.9;0;0;5;868M;GW1000_Pro
2020-02-15+14:45:24;68.4;52;30.002;30.002;42.1;78;97;9.17;13.65;19.46;55.05;0;0.000;0.000;0.000;0.000;1.252;1.551;1.551;1.551;41.72;83;28.0;30.3;0;0;5;868M;GW1000_Pro
2020-02-15+15:00:39;68.2;51;30.011;30.011;42.3;78;141;4.25;9.17;19.46;41.96;0;0.000;0.000;0.000;0.000;1.252;1.551;1.551;1.551;41.90;82;28.0;30.0;0;0;5;868M;GW1000_Pro
2020-02-15+15:15:54;68.2;50;30.008;30.008;42.1;79;127;2.24;13.65;19.46;28.14;0;0.000;0.000;0.000;0.000;1.252;1.551;1.551;1.551;42.08;82;27.0;29.7;0;0;5;868M;GW1000_Pro
2020-02-15+15:30:08;68.0;50;30.005;30.005;41.9;79;149;4.47;8.05;19.46;11.62;0;0.000;0.000;0.000;0.000;1.252;1.551;1.551;1.551;41.90;82;33.0;29.5;0;0;5;868M;GW1000_Pro
2020-02-15+15:45:23;68.2;51;30.014;30.014;41.9;79;83;1.79;8.05;19.46;2.57;0;0.000;0.000;0.000;0.000;1.252;1.551;1.551;1.551;41.72;83;28.0;29.4;0;0;5;868M;GW1000_Pro
2020-02-15+16:00:38;68.0;51;30.000;30.000;42.1;79;137;3.58;5.82;19.46;0.00;0;0.000;0.000;0.000;0.000;1.252;1.551;1.551;1.551;41.90;82;32.0;29.3;0;0;5;868M;GW1000_Pro
2020-02-15+16:15:53;67.8;51;29.997;29.997;41.9;80;140;4.25;11.41;19.46;0.00;0;0.000;0.000;0.000;0.000;1.252;1.551;1.551;1.551;41.72;83;32.0;29.2;0;0;5;868M;GW1000_Pro
2020-02-15+16:30:07;67.8;50;29.985;29.985;41.7;80;191;4.92;6.93;19.46;0.00;0;0.000;0.000;0.000;0.000;1.252;1.551;1.551;1.551;41.72;83;32.0;29.0;0;0;5;868M;GW1000_Pro
2020-02-15+16:45:22;67.8;50;29.982;29.982;41.7;81;88;3.13;8.05;19.46;0.00;0;0.000;0.000;0.000;0.000;1.252;1.551;1.551;1.551;41.54;83;34.0;28.9;0;0;5;868M;GW1000_Pro
2020-02-15+17:00:37;67.8;50;29.979;29.979;41.9;81;87;4.47;9.17;19.46;0.00;0;0.000;0.000;0.000;0.000;1.252;1.551;1.551;1.551;41.54;84;34.0;28.9;0;0;5;868M;GW1000_Pro
2020-02-15+17:15:56;67.6;50;29.982;29.982;41.9;81;165;8.50;11.41;19.46;0.00;0;0.000;0.000;0.000;0.000;1.252;1.551;1.551;1.551;41.54;84;34.0;29.2;0;0;5;868M;GW1000_Pro
2020-02-15+17:30:10;68.0;50;29.991;29.991;41.9;82;181;4.70;8.05;19.46;0.00;0;0.000;0.000;0.000;0.000;1.252;1.551;1.551;1.551;41.54;84;34.0;29.4;0;0;5;868M;GW1000_Pro
2020-02-15+17:45:25;67.8;50;29.979;29.979;41.7;82;168;1.12;4.47;19.46;0.00;0;0.000;0.000;0.000;0.000;1.252;1.551;1.551;1.551;41.54;84;36.0;29.7;0;0;5;868M;GW1000_Pro
2020-02-15+18:00:40;68.0;51;29.973;29.973;41.5;82;87;5.37;11.41;19.46;0.00;0;0.000;0.000;0.000;0.000;1.252;1.551;1.551;1.551;41.54;84;36.0;30.0;0;0;5;868M;GW1000_Pro
2020-02-15+18:15:55;68.2;52;29.970;29.970;41.5;82;152;1.34;9.17;19.46;0.00;0;0.000;0.000;0.000;0.000;1.252;1.551;1.551;1.551;41.36;84;36.0;30.5;0;0;5;868M;GW1000_Pro
2020-02-15+18:30:09;68.7;54;29.973;29.973;41.4;81;112;5.37;9.17;19.46;0.00;0;0.000;0.000;0.000;0.000;1.252;1.551;1.551;1.551;41.36;84;38.0;30.8;0;0;5;868M;GW1000_Pro
2020-02-15+18:45:24;68.9;55;29.967;29.967;41.2;82;123;2.46;14.76;19.46;0.00;0;0.000;0.000;0.000;0.000;1.252;1.551;1.551;1.551;41.00;84;36.0;31.0;0;0;5;868M;GW1000_Pro
2020-02-15+19:00:39;68.9;55;29.955;29.955;41.0;82;153;4.70;11.41;19.46;0.00;0;0.000;0.000;0.000;0.000;1.252;1.551;1.551;1.551;40.82;84;37.0;31.3;0;0;5;868M;GW1000_Pro
2020-02-15+19:15:56;69.3;55;29.949;29.949;40.8;82;140;5.82;8.05;19.46;0.00;0;0.000;0.000;0.000;0.000;1.252;1.551;1.551;1.551;40.64;84;34.0;31.6;0;0;5;868M;GW1000_Pro
2020-02-15+19:30:10;69.4;55;29.937;29.937;41.0;82;202;3.36;4.47;19.46;0.00;0;0.000;0.000;0.000;0.000;1.252;1.551;1.551;1.551;40.64;84;34.0;31.9;0;0;5;868M;GW1000_Pro
2020-02-15+19:45:25;68.7;54;29.929;29.929;41.4;80;156;6.93;14.76;19.46;0.00;0;0.000;0.000;0.000;0.000;1.252;1.551;1.551;1.551;40.64;84;38.0;32.3;0;0;5;868M;GW1000_Pro
2020-02-15+20:00:40;68.5;54;29.926;29.926;41.2;80;130;5.37;14.76;19.46;0.00;0;0.000;0.000;0.000;0.000;1.252;1.551;1.551;1.551;40.64;84;33.0;32.4;0;0;5;868M;GW1000_Pro
2020-02-15+20:15:55;68.7;53;29.923;29.923;41.4;80;112;5.37;10.29;19.46;0.00;0;0.000;0.000;0.000;0.000;1.252;1.551;1.551;1.551;40.64;84;35.0;32.7;0;0;5;868M;GW1000_Pro
2020-02-15+20:30:09;68.5;53;29.920;29.920;41.0;81;96;5.14;12.53;19.46;0.00;0;0.000;0.000;0.000;0.000;1.252;1.551;1.551;1.551;40.64;83;38.0;32.9;0;0;5;868M;GW1000_Pro
2020-02-15+20:45:24;68.4;53;29.920;29.920;40.8;81;112;7.83;12.53;19.46;0.00;0;0.000;0.000;0.000;0.000;1.252;1.551;1.551;1.551;40.64;84;30.0;33.1;0;0;5;868M;GW1000_Pro
2020-02-15+21:00:39;68.4;52;29.908;29.908;40.5;82;118;4.70;9.17;19.46;0.00;0;0.000;0.000;0.000;0.000;1.252;1.551;1.551;1.551;40.46;84;34.0;33.2;0;0;5;868M;GW1000_Pro
2020-02-15+21:15:54;68.4;52;29.905;29.905;40.5;81;143;6.04;15.88;19.46;0.00;0;0.000;0.000;0.000;0.000;1.252;1.551;1.551;1.551;40.10;84;34.0;33.3;0;0;5;868M;GW1000_Pro
2020-02-15+21:30:11;68.2;52;29.902;29.902;40.3;81;120;4.70;10.29;19.46;0.00;0;0.000;0.000;0.000;0.000;1.252;1.551;1.551;1.551;40.10;84;34.0;33.4;0;0;5;868M;GW1000_Pro
2020-02-15+21:45:26;68.2;52;29.896;29.896;40.3;81;76;4.03;5.82;19.46;0.00;0;0.000;0.000;0.000;0.000;1.252;1.551;1.551;1.551;39.92;84;33.0;33.4;0;0;5;868M;GW1000_Pro
2020-02-15+22:00:41;68.2;52;29.881;29.881;40.1;82;79;2.91;4.47;19.46;0.00;0;0.000;0.000;0.000;0.000;1.252;1.551;1.551;1.551;39.74;84;30.0;33.3;0;0;5;868M;GW1000_Pro
2020-02-15+22:14:58;68.4;52;29.867;29.867;39.6;83;79;1.79;3.36;19.46;0.00;0;0.000;0.000;0.000;0.000;1.252;1.551;1.551;1.551;39.56;84;31.0;33.4;0;0;5;868M;GW1000_Pro
2020-02-15+22:30:13;68.0;52;29.878;29.878;39.7;82;141;2.46;3.36;19.46;0.00;0;0.000;0.000;0.000;0.000;1.252;1.551;1.551;1.551;39.38;85;30.0;33.4;0;0;5;868M;GW1000_Pro
2020-02-15+22:45:29;68.2;52;29.873;29.873;39.7;82;114;0.89;4.47;19.46;0.00;0;0.000;0.000;0.000;0.000;1.252;1.551;1.551;1.551;39.38;85;33.0;33.4;0;0;5;868M;GW1000_Pro
2020-02-15+23:00:43;68.2;52;29.864;29.864;39.9;81;94;3.80;10.29;10.29;0.00;0;0.000;0.000;0.000;0.000;0.000;1.551;1.551;1.551;39.20;85;31.0;33.4;0;0;5;868M;GW1000_Pro
2020-02-15+23:14:57;68.2;52;29.861;29.861;39.9;81;159;3.80;9.17;10.29;0.00;0;0.000;0.000;0.000;0.000;0.000;1.551;1.551;1.551;39.20;85;30.0;33.4;0;0;5;868M;GW1000_Pro
2020-02-15+23:30:12;68.2;52;29.852;29.852;40.1;81;158;5.82;9.17;10.29;0.00;0;0.000;0.000;0.000;0.000;0.000;1.551;1.551;1.551;39.38;85;33.0;33.5;0;0;5;868M;GW1000_Pro
2020-02-15+23:45:27;68.2;52;29.852;29.852;40.1;81;12;5.82;9.17;13.65;0.00;0;0.000;0.000;0.000;0.000;0.000;1.551;1.551;1.551;39.38;84;29.0;33.5;0;0;5;868M;GW1000_Pro
2020-02-16+00:00:42;68.0;52;29.849;29.849;40.3;80;52;4.03;10.29;13.65;0.00;0;0.000;0.000;0.000;0.000;0.000;1.551;1.551;1.551;39.56;84;29.0;33.6;0;0;5;868M;GW1000_Pro
2020-02-16+00:30:14;68.0;52;29.837;29.837;40.3;79;152;4.70;8.05;13.65;0.00;0;0.000;0.000;0.000;0.000;0.000;1.551;1.551;1.551;39.74;84;27.0;33.5;0;0;5;868M;GW1000_Pro
2020-02-16+00:45:29;68.0;52;29.837;29.837;40.8;78;93;2.24;13.65;13.65;0.00;0;0.000;0.000;0.000;0.000;0.000;1.551;1.551;1.551;39.92;82;30.0;33.4;0;0;5;868M;GW1000_Pro
2020-02-16+01:00:44;67.6;52;29.828;29.828;41.0;78;135;3.36;6.93;13.65;0.00;0;0.000;0.000;0.000;0.000;0.000;1.551;1.551;1.551;40.28;82;26.0;33.3;0;0;5;868M;GW1000_Pro
2020-02-16+01:30:13;67.6;51;29.813;29.813;41.7;75;128;8.28;17.22;20.58;0.00;0;0.000;0.000;0.000;0.000;0.000;1.551;1.551;1.551;40.82;81;26.0;32.8;0;0;5;868M;GW1000_Pro
2020-02-16+01:45:28;67.3;51;29.802;29.802;41.9;74;118;7.61;15.88;20.58;0.00;0;0.000;0.000;0.000;0.000;0.000;1.551;1.551;1.551;41.18;79;26.0;32.5;0;0;5;868M;GW1000_Pro
2020-02-16+02:00:43;67.5;51;29.781;29.781;41.7;75;170;8.50;10.29;20.58;0.00;0;0.000;0.000;0.000;0.000;0.000;1.551;1.551;1.551;41.36;80;26.0;32.2;0;0;5;868M;GW1000_Pro
2020-02-16+02:15:58;67.5;51;29.793;29.793;41.9;74;123;4.47;12.53;20.58;0.00;0;0.000;0.000;0.000;0.000;0.000;1.551;1.551;1.551;41.54;79;27.0;31.9;0;0;5;868M;GW1000_Pro
2020-02-16+02:30:12;67.5;51;29.772;29.772;41.7;74;124;7.38;12.53;20.58;0.00;0;0.000;0.000;0.000;0.000;0.000;1.551;1.551;1.551;41.54;79;25.0;31.6;0;0;5;868M;GW1000_Pro
2020-02-16+02:45:27;67.3;50;29.766;29.766;41.9;74;85;2.91;12.53;20.58;0.00;0;0.000;0.000;0.000;0.000;0.000;1.551;1.551;1.551;41.54;77;29.0;31.3;0;0;5;868M;GW1000_Pro
2020-02-16+03:00:42;67.3;50;29.751;29.751;41.7;74;165;4.03;8.05;20.58;0.00;0;0.000;0.000;0.000;0.000;0.000;1.551;1.551;1.551;41.54;78;26.0;31.0;0;0;5;868M;GW1000_Pro
2020-02-16+03:15:57;67.1;50;29.743;29.743;41.7;73;181;5.37;10.29;20.58;0.00;0;0.000;0.000;0.000;0.000;0.000;1.551;1.551;1.551;41.54;77;28.0;30.7;0;0;5;868M;GW1000_Pro
2020-02-16+03:30:11;67.3;50;29.737;29.737;41.7;73;72;9.17;18.34;20.58;0.00;0;0.000;0.000;0.000;0.000;0.000;1.551;1.551;1.551;41.54;77;29.0;30.5;0;0;5;868M;GW1000_Pro
2020-02-16+03:45:26;67.3;50;29.746;29.746;42.1;72;149;7.61;15.88;20.58;0.00;0;0.000;0.000;0.000;0.000;0.000;1.551;1.551;1.551;41.72;76;26.0;30.2;0;0;5;868M;GW1000_Pro
2020-02-16+04:00:42;67.1;50;29.740;29.740;42.3;72;104;12.30;17.22;23.94;0.00;0;0.000;0.000;0.000;0.000;0.000;1.551;1.551;1.551;41.90;75;27.0;30.0;0;0;5;868M;GW1000_Pro
2020-02-16+04:15:56;67.3;50;29.731;29.731;42.8;70;108;6.71;11.41;23.94;0.00;0;0.000;0.000;0.000;0.000;0.000;1.551;1.551;1.551;42.08;75;24.0;29.6;0;0;5;868M;GW1000_Pro
2020-02-16+04:30:10;67.3;50;29.754;29.754;43.2;69;209;13.65;18.34;23.94;0.00;0;0.000;0.000;0.000;0.000;0.000;1.551;1.551;1.551;42.44;75;26.0;29.4;0;0;5;868M;GW1000_Pro
2020-02-16+04:45:25;67.3;50;29.737;29.737;42.8;70;187;6.49;19.46;23.94;0.00;0;0.000;0.000;0.000;0.000;0.000;1.551;1.551;1.551;42.44;74;23.0;29.0;0;0;5;868M;GW1000_Pro
2020-02-16+05:00:40;67.5;50;29.737;29.737;43.2;70;161;1.34;9.17;26.17;0.00;0;0.000;0.000;0.000;0.000;0.000;1.551;1.551;1.551;42.62;75;22.0;28.8;0;0;5;868M;GW1000_Pro
2020-02-16+05:15:55;66.9;50;29.725;29.725;43.7;68;125;6.49;14.76;26.17;0.00;0;0.000;0.000;0.000;0.000;0.000;1.551;1.551;1.551;42.80;74;22.0;28.6;0;0;5;868M;GW1000_Pro
2020-02-16+05:30:09;66.9;51;29.728;29.728;43.9;68;166;6.04;13.65;26.17;0.00;0;0.000;0.000;0.000;0.000;0.000;1.551;1.551;1.551;42.98;73;21.0;28.5;0;0;5;868M;GW1000_Pro
2020-02-16+05:45:24;67.5;52;29.719;29.719;44.2;67;137;10.29;17.22;26.17;0.00;0;0.000;0.000;0.000;0.000;0.000;1.551;1.551;1.551;43.52;72;19.0;28.1;0;0;5;868M;GW1000_Pro
2020-02-16+06:00:39;67.8;53;29.722;29.722;44.2;67;248;9.40;20.58;26.17;0.00;0;0.000;0.000;0.000;0.000;0.000;1.551;1.551;1.551;43.70;71;18.0;27.6;0;0;5;868M;GW1000_Pro
2020-02-16+06:15:54;68.0;53;29.713;29.713;44.1;67;221;9.62;17.22;26.17;2.57;0;0.000;0.000;0.000;0.000;0.000;1.551;1.551;1.551;43.88;71;20.0;27.1;0;0;5;868M;GW1000_Pro
2020-02-16+06:30:08;67.6;52;29.704;29.704;44.1;67;225;6.04;22.82;26.17;10.77;0;0.000;0.000;0.000;0.000;0.000;1.551;1.551;1.551;43.70;71;22.0;26.7;0;0;5;868M;GW1000_Pro
2020-02-16+06:45:23;67.8;52;29.698;29.698;44.4;66;143;8.72;19.46;26.17;20.31;0;0.000;0.000;0.000;0.000;0.000;1.551;1.551;1.551;43.88;70;19.0;26.4;0;0;5;868M;GW1000_Pro
2020-02-16+07:00:38;67.6;51;29.692;29.692;44.4;66;175;5.82;14.76;26.17;32.05;0;0.000;0.000;0.000;0.000;0.000;1.551;1.551;1.551;44.06;70;21.0;26.1;0;0;5;868M;GW1000_Pro
2020-02-16+07:15:53;67.8;51;29.689;29.689;44.8;65;212;11.41;20.58;26.17;54.56;0;0.000;0.000;0.000;0.000;0.000;1.551;1.551;1.551;44.24;69;18.0;25.6;0;0;5;868M;GW1000_Pro
2020-02-16+07:30:07;68.0;51;29.684;29.684;45.0;65;163;8.05;13.65;26.17;70.71;0;0.000;0.000;0.000;0.000;0.000;1.551;1.551;1.551;44.42;69;16.0;25.2;0;0;5;868M;GW1000_Pro
2020-02-16+07:45:22;67.8;52;29.695;29.695;45.0;66;135;6.93;15.88;26.17;87.10;0;0.000;0.000;0.000;0.000;0.000;1.551;1.551;1.551;44.60;69;18.0;24.7;0;0;5;868M;GW1000_Pro
2020-02-16+08:00:37;68.4;54;29.698;29.698;45.1;65;169;12.97;17.22;26.17;90.65;0;0.000;0.000;0.000;0.000;0.000;1.551;1.551;1.551;44.60;70;18.0;24.3;0;0;5;868M;GW1000_Pro
2020-02-16+08:15:52;68.2;52;29.686;29.686;45.3;66;180;4.47;15.88;26.17;98.36;0;0.000;0.000;0.000;0.000;0.000;1.551;1.551;1.551;44.96;69;16.0;23.9;0;0;5;868M;GW1000_Pro
2020-02-16+08:30:06;68.0;53;29.672;29.672;45.7;65;254;4.03;17.22;26.17;115.73;1;0.000;0.000;0.000;0.000;0.000;1.551;1.551;1.551;45.14;70;16.0;23.5;0;0;5;868M;GW1000_Pro
2020-02-16+08:45:21;68.4;53;29.657;29.657;46.4;64;136;12.53;20.58;26.17;137.51;1;0.000;0.000;0.000;0.000;0.000;1.551;1.551;1.551;45.50;69;14.0;23.0;0;0;5;868M;GW1000_Pro
2020-02-16+09:00:36;68.4;52;29.657;29.657;46.8;64;152;6.04;15.88;26.17;171.76;1;0.000;0.000;0.000;0.000;0.000;1.551;1.551;1.551;46.04;68;15.0;22.7;0;0;5;868M;GW1000_Pro
2020-02-16+09:15:51;68.5;52;29.645;29.645;47.1;63;149;14.99;18.34;26.17;128.82;1;0.000;0.000;0.000;0.000;0.000;1.551;1.551;1.551;46.58;67;16.0;22.2;0;0;5;868M;GW1000_Pro
2020-02-16+09:30:05;68.5;52;29.633;29.633;47.1;63;214;3.36;15.88;26.17;105.82;1;0.000;0.000;0.000;0.000;0.000;1.551;1.551;1.551;46.76;68;16.0;21.9;0;0;5;868M;GW1000_Pro
2020-02-16+09:45:20;68.4;52;29.630;29.630;47.3;63;234;10.51;17.22;26.17;120.13;1;0.000;0.000;0.000;0.000;0.000;1.551;1.551;1.551;46.94;67;13.0;21.4;0;0;5;868M;GW1000_Pro
2020-02-16+10:00:35;68.5;54;29.636;29.636;47.8;63;176;4.92;12.53;26.17;118.42;1;0.000;0.000;0.000;0.000;0.000;1.551;1.551;1.551;47.30;67;13.0;21.1;0;0;5;868M;GW1000_Pro
2020-02-16+10:15:50;68.4;54;29.627;29.627;48.4;62;176;6.93;18.34;26.17;114.87;1;0.000;0.000;0.000;0.000;0.000;1.551;1.551;1.551;47.66;66;11.0;20.6;0;0;5;868M;GW1000_Pro
2020-02-16+10:30:04;68.4;55;29.619;29.619;48.9;62;79;10.96;14.76;26.17;107.04;1;0.000;0.000;0.000;0.000;0.000;1.551;1.551;1.551;48.02;67;13.0;20.2;0;0;5;868M;GW1000_Pro
2020-02-16+10:45:19;68.5;55;29.624;29.624;49.3;61;112;10.74;19.46;26.17;122.34;1;0.000;0.000;0.000;0.000;0.000;1.551;1.551;1.551;48.56;65;11.0;19.6;0;0;5;868M;GW1000_Pro
2020-02-16+11:00:34;68.4;55;29.604;29.604;49.8;61;118;6.93;18.34;26.17;124.41;1;0.000;0.000;0.000;0.000;0.000;1.551;1.551;1.551;48.92;65;13.0;19.3;0;0;5;868M;GW1000_Pro
2020-02-16+11:15:49;68.5;55;29.592;29.592;50.0;61;116;10.51;20.58;26.17;91.02;0;0.000;0.000;0.000;0.000;0.000;1.551;1.551;1.551;49.28;66;12.0;18.7;0;0;5;868M;GW1000_Pro
2020-02-16+11:30:03;68.5;55;29.583;29.583;50.4;61;173;1.79;15.88;26.17;128.33;1;0.000;0.000;0.000;0.000;0.000;1.551;1.551;1.551;49.64;65;13.0;18.5;0;0;5;868M;GW1000_Pro
2020-02-16+11:45:18;68.5;56;29.580;29.580;51.1;60;106;7.38;18.34;26.17;105.33;1;0.000;0.000;0.000;0.000;0.000;1.551;1.551;1.551;50.18;66;11.0;18.3;0;0;5;868M;GW1000_Pro
2020-02-16+12:00:33;68.5;56;29.583;29.583;51.6;60;213;8.95;21.70;26.17;98.36;0;0.000;0.000;0.000;0.000;0.000;1.551;1.551;1.551;50.72;64;13.0;18.1;0;0;5;868M;GW1000_Pro
2020-02-16+12:15:49;68.2;56;29.571;29.571;52.2;59;157;9.62;19.46;26.17;132.73;1;0.000;0.000;0.000;0.000;0.000;1.551;1.551;1.551;51.08;63;11.0;17.4;0;0;5;868M;GW1000_Pro
2020-02-16+12:30:05;68.2;56;29.568;29.568;52.5;59;71;5.37;14.76;30.87;83.19;0;0.000;0.000;0.000;0.000;0.000;1.551;1.551;1.551;51.62;62;11.0;17.0;0;0;5;868M;GW1000_Pro
2020-02-16+12:45:20;68.2;56;29.554;29.554;52.9;58;120;6.26;17.22;30.87;96.65;0;0.000;0.000;0.000;0.000;0.000;1.551;1.551;1.551;51.98;63;10.0;16.4;0;0;5;868M;GW1000_Pro
2020-02-16+13:00:35;68.0;56;29.557;29.557;53.2;58;233;7.38;13.65;30.87;130.53;1;0.000;0.000;0.000;0.000;0.000;1.551;1.551;1.551;52.34;65;10.0;15.9;0;0;5;868M;GW1000_Pro
2020-02-16+13:15:50;68.2;56;29.554;29.554;53.6;58;135;8.05;13.65;30.87;119.27;1;0.000;0.000;0.000;0.000;0.000;1.551;1.551;1.551;52.70;63;11.0;15.4;0;0;5;868M;GW1000_Pro
2020-02-16+13:30:04;67.8;56;29.551;29.551;53.6;60;253;4.47;10.29;30.87;82.33;0;0.000;0.000;0.000;0.000;0.000;1.551;1.551;1.551;53.06;64;10.0;15.0;0;0;5;868M;GW1000_Pro
2020-02-16+13:45:19;68.0;56;29.545;29.545;52.9;64;159;3.58;13.65;30.87;93.58;0;0.000;0.000;0.000;0.000;0.000;1.551;1.551;1.551;52.88;66;10.0;14.5;0;0;5;868M;GW1000_Pro
2020-02-16+14:00:34;68.0;56;29.551;29.551;53.1;64;198;12.08;17.22;30.87;85.88;0;0.000;0.000;0.000;0.000;0.000;1.551;1.551;1.551;52.88;66;8.0;14.1;0;0;5;868M;GW1000_Pro
2020-02-16+14:15:49;68.0;56;29.542;29.542;52.9;64;244;1.57;15.88;30.87;68.51;0;0.000;0.000;0.000;0.000;0.000;1.551;1.551;1.551;52.88;66;9.0;13.8;0;0;5;868M;GW1000_Pro
2020-02-16+14:30:03;67.8;56;29.533;29.533;52.9;64;104;6.04;20.58;30.87;48.07;0;0.000;0.000;0.000;0.000;0.000;1.551;1.551;1.551;52.70;66;10.0;13.6;0;0;5;868M;GW1000_Pro
2020-02-16+14:45:18;67.8;56;29.533;29.533;52.9;65;156;8.50;13.65;30.87;37.68;0;0.000;0.000;0.000;0.000;0.000;1.551;1.551;1.551;52.70;67;9.0;13.2;0;0;5;868M;GW1000_Pro
2020-02-16+15:00:33;68.0;55;29.530;29.530;52.9;67;212;3.58;13.65;30.87;37.19;0;0.000;0.000;0.000;0.000;0.000;1.551;1.551;1.551;52.70;68;8.0;12.8;0;0;5;868M;GW1000_Pro
2020-02-16+15:15:48;67.8;54;29.521;29.521;52.7;68;47;5.37;11.41;30.87;19.45;0;0.000;0.000;0.000;0.000;0.000;1.551;1.551;1.551;52.52;69;10.0;12.5;0;0;5;868M;GW1000_Pro
2020-02-16+15:30:02;68.2;55;29.515;29.515;52.9;70;169;5.82;13.65;30.87;10.39;0;0.000;0.000;0.000;0.000;0.000;1.551;1.551;1.551;52.52;70;10.0;12.2;0;0;5;868M;GW1000_Pro
2020-02-16+15:45:17;68.0;55;29.518;29.518;52.9;70;88;2.46;14.76;30.87;2.08;0;0.000;0.000;0.000;0.000;0.000;1.551;1.551;1.551;52.52;71;10.0;11.9;0;0;5;868M;GW1000_Pro
2020-02-16+16:00:32;68.0;55;29.521;29.521;52.7;70;167;11.63;17.22;30.87;0.00;0;0.000;0.000;0.000;0.000;0.000;1.551;1.551;1.551;52.52;71;10.0;11.7;0;0;5;868M;GW1000_Pro
2020-02-16+16:15:47;68.2;56;29.521;29.521;52.7;70;125;10.51;18.34;30.87;0.00;0;0.000;0.000;0.000;0.000;0.000;1.551;1.551;1.551;52.52;72;10.0;11.5;0;0;5;868M;GW1000_Pro
2020-02-16+16:30:01;68.2;56;29.524;29.524;52.9;71;81;7.38;13.65;30.87;0.00;0;0.000;0.000;0.000;0.000;0.000;1.551;1.551;1.551;52.52;72;9.0;11.2;0;0;5;868M;GW1000_Pro
2020-02-16+16:45:16;68.2;56;29.527;29.527;52.7;71;113;8.72;12.53;30.87;0.00;0;0.000;0.000;0.000;0.000;0.000;1.551;1.551;1.551;52.52;73;8.0;11.0;0;0;5;868M;GW1000_Pro
2020-02-16+17:00:31;68.0;55;29.512;29.512;52.7;71;144;6.49;10.29;30.87;0.00;0;0.000;0.000;0.000;0.000;0.000;1.551;1.551;1.551;52.52;72;9.0;10.9;0;0;5;868M;GW1000_Pro
2020-02-16+17:15:46;68.2;55;29.503;29.503;52.9;70;148;6.49;13.65;30.87;0.00;0;0.000;0.000;0.000;0.000;0.000;1.551;1.551;1.551;52.52;72;7.0;10.8;0;0;5;868M;GW1000_Pro
2020-02-16+17:30:00;68.2;56;29.503;29.503;53.2;69;248;6.93;11.41;30.87;0.00;0;0.000;0.000;0.000;0.000;0.000;1.551;1.551;1.551;52.70;72;8.0;10.8;0;0;5;868M;GW1000_Pro
